system:index,elevacion,etiqueta,fecha,ndvi,pendiente,riesgo,temperatura,.geo
1_2020_07_01_+18325+7906,627.0,1,2020-03-01,4028.0,15.0,-726.74,15115.0,"{""type"":""Point"",""coordinates"":[-118.35156601271072,34.449856981660695]}"
1_2020_07_01_+18325+7907,688.0,1,2020-03-01,4034.0,13.0,-723.0960000000001,15033.0,"{""type"":""Point"",""coordinates"":[-118.33846263074246,34.454353584621984]}"
1_2020_07_01_+18327+7906,825.0,1,2020-03-01,3476.0,15.0,-597.692,14971.0,"{""type"":""Point"",""coordinates"":[-118.34020116314375,34.44760868018004]}"
1_2020_07_01_+18328+7904,654.0,1,2020-03-01,4729.0,14.0,-865.196,15033.0,"{""type"":""Point"",""coordinates"":[-118.3474917397448,34.45660188610264]}"
1_2020_07_01_+18340+7965,811.0,1,2020-03-01,6998.0,24.0,-1302.0560000000003,14813.0,"{""type"":""Point"",""coordinates"":[-117.89612768779813,34.182309105463396]}"
1_2020_07_01_+18355+7884,934.0,1,2020-03-01,5109.0,17.0,-914.2080000000001,14794.0,"{""type"":""Point"",""coordinates"":[-118.3278371939981,34.54653394532862]}"
1_2020_07_01_+18356+7883,944.0,1,2020-03-01,4672.0,20.0,-825.5960000000001,14708.0,"{""type"":""Point"",""coordinates"":[-118.3287718510939,34.551030548289916]}"
1_2020_07_01_+18357+7882,987.0,1,2020-03-01,5273.0,15.0,-942.9960000000001,14708.0,"{""type"":""Point"",""coordinates"":[-118.32970733806427,34.55552715125122]}"
1_2020_07_01_+18358+7883,1066.0,1,2020-03-01,4729.0,21.0,-824.096,14758.0,"{""type"":""Point"",""coordinates"":[-118.31863177222807,34.55477771742434]}"
1_2020_07_01_+18360+7881,1261.0,1,2020-03-01,5285.0,29.0,-913.388,14759.0,"{""type"":""Point"",""coordinates"":[-118.3218555458527,34.561522621866274]}"
1_2020_07_01_+18362+7880,1432.0,1,2020-03-01,6214.0,19.0,-1085.72,14680.0,"{""type"":""Point"",""coordinates"":[-118.31519949293991,34.56452035717382]}"
1_2020_08_01_+18325+7861,1152.0,1,2020-03-01,4644.0,35.0,-794.592,14721.0,"{""type"":""Point"",""coordinates"":[-118.6392455248711,34.649955813438496]}"
1_2020_08_01_+18326+7863,765.0,1,2020-03-01,5038.0,13.0,-918.068,14799.0,"{""type"":""Point"",""coordinates"":[-118.6236453936511,34.640962607515895]}"
1_2020_08_01_+18327+7864,893.0,1,2020-03-01,4856.0,25.0,-865.268,14799.0,"{""type"":""Point"",""coordinates"":[-118.62040804814676,34.642247351219126]}"
1_2020_08_01_+18330+7863,1023.0,1,2020-03-01,5178.0,35.0,-913.788,14784.0,"{""type"":""Point"",""coordinates"":[-118.61530056479569,34.65503262323351]}"
1_2020_08_01_+18331+7857,1213.0,1,2020-03-01,6360.0,23.0,-1136.22,14605.0,"{""type"":""Point"",""coordinates"":[-118.63268002060866,34.67019052676434]}"
1_2020_08_01_+18331+7861,907.0,1,2020-03-01,4997.0,32.0,-890.0880000000001,14784.0,"{""type"":""Point"",""coordinates"":[-118.60644917847627,34.649955813438496]}"
1_2020_08_01_+18331+7862,1061.0,1,2020-03-01,6691.0,30.0,-1214.3280000000002,14754.0,"{""type"":""Point"",""coordinates"":[-118.60001654354963,34.64545921047719]}"
1_2020_08_01_+18331+7863,1192.0,1,2020-03-01,6111.0,27.0,-1086.128,14754.0,"{""type"":""Point"",""coordinates"":[-118.59358533673579,34.64096260751589]}"
1_2020_08_01_+18332+7861,860.0,1,2020-03-01,4885.0,26.0,-874.212,14781.0,"{""type"":""Point"",""coordinates"":[-118.6009831207438,34.649955813438496]}"
1_2020_08_01_+18332+7864,1193.0,1,2020-03-01,4762.0,20.0,-818.5360000000001,14728.0,"{""type"":""Point"",""coordinates"":[-118.5816903891502,34.636466004554606]}"
1_2020_08_01_+18333+7866,1253.0,1,2020-03-01,5505.0,21.0,-961.396,14658.0,"{""type"":""Point"",""coordinates"":[-118.58141435433282,34.64064142159009]}"
1_2020_08_01_+18333+7969,316.0,1,2020-03-01,6421.0,9.0,-1239.968,14899.0,"{""type"":""Point"",""coordinates"":[-117.90814016939794,34.17106759806016]}"
1_2020_08_01_+18335+7967,674.0,1,2020-03-01,7295.0,35.0,-1371.168,14899.0,"{""type"":""Point"",""coordinates"":[-117.91659676293885,34.17556420102146]}"
1_2020_08_01_+18335+7969,262.0,1,2020-03-01,4063.0,1.0,-775.544,14977.0,"{""type"":""Point"",""coordinates"":[-117.90089274827375,34.16432269361821]}"
1_2020_08_01_+18336+7860,981.0,1,2020-03-01,4530.0,24.0,-792.4639999999999,14687.0,"{""type"":""Point"",""coordinates"":[-118.60685495924005,34.66900024950987]}"
1_2020_08_01_+18336+7964,690.0,1,2020-03-01,6296.0,14.0,-1176.596,14833.0,"{""type"":""Point"",""coordinates"":[-117.92415570247553,34.18680570842471]}"
1_2020_08_01_+18337+7849,1614.0,1,2020-03-01,6256.0,14.0,-1078.108,14594.0,"{""type"":""Point"",""coordinates"":[-118.65093458214183,34.70391504897409]}"
1_2020_08_01_+18337+7852,1397.0,1,2020-03-01,6047.0,6.0,-1059.272,14736.0,"{""type"":""Point"",""coordinates"":[-118.63159483674302,34.690425240090185]}"
1_2020_08_01_+18337+7860,946.0,1,2020-03-01,5073.0,21.0,-905.4399999999999,14690.0,"{""type"":""Point"",""coordinates"":[-118.58008511632379,34.654452416399785]}"
1_2020_08_01_+18337+7867,795.0,1,2020-03-01,4716.0,31.0,-845.532,14766.0,"{""type"":""Point"",""coordinates"":[-118.5398884496716,34.632661186664265]}"
1_2020_08_01_+18337+7966,507.0,1,2020-03-01,7328.0,24.0,-1398.2320000000002,14841.0,"{""type"":""Point"",""coordinates"":[-117.91069580647118,34.18495416602888]}"
1_2020_08_01_+18338+7854,1382.0,1,2020-03-01,6679.0,20.0,-1183.4840000000002,14672.0,"{""type"":""Point"",""coordinates"":[-118.63316604782445,34.69880527288169]}"
1_2020_08_01_+18339+7864,1098.0,1,2020-03-01,5341.0,28.0,-942.452,14601.0,"{""type"":""Point"",""coordinates"":[-118.55310572943802,34.648745189564295]}"
1_2020_08_01_+18339+7866,785.0,1,2020-03-01,4549.0,23.0,-816.3000000000001,14670.0,"{""type"":""Point"",""coordinates"":[-118.53058367282412,34.627472798631985]}"
1_2020_08_01_+18340+7858,1222.0,1,2020-03-01,5304.0,15.0,-925.704,14707.0,"{""type"":""Point"",""coordinates"":[-118.57655312769027,34.66344562232239]}"
1_2020_08_01_+18340+7962,687.0,1,2020-03-01,7075.0,36.0,-1325.96,14850.0,"{""type"":""Point"",""coordinates"":[-117.9149855247452,34.19579891434729]}"
1_2020_08_01_+18341+7855,1429.0,1,2020-03-01,6259.0,17.0,-1097.42,14455.0,"{""type"":""Point"",""coordinates"":[-118.60083509756173,34.69550835648121]}"
1_2020_08_01_+18341+7858,1203.0,1,2020-03-01,5724.0,29.0,-1007.404,14707.0,"{""type"":""Point"",""coordinates"":[-118.57108618020588,34.66344562232239]}"
1_2020_08_01_+18342+7847,1680.0,1,2020-03-01,5934.0,11.0,-1009.4159999999999,14418.0,"{""type"":""Point"",""coordinates"":[-118.63921893667708,34.71290825489669]}"
1_2020_08_01_+18342+7856,1329.0,1,2020-03-01,4967.0,51.0,-837.1240000000001,14667.0,"{""type"":""Point"",""coordinates"":[-118.58122460540454,34.67243882824498]}"
1_2020_08_01_+18342+7858,1252.0,1,2020-03-01,6047.0,24.0,-1068.428,14729.0,"{""type"":""Point"",""coordinates"":[-118.57537627700083,34.66644335762993]}"
1_2020_08_01_+18342+7865,903.0,1,2020-03-01,5353.0,21.0,-966.1000000000001,14645.0,"{""type"":""Point"",""coordinates"":[-118.52334604686011,34.631969401593295]}"
1_2020_08_01_+18342+7960,880.0,1,2020-03-01,7442.0,31.0,-1382.144,14777.0,"{""type"":""Point"",""coordinates"":[-117.92383604681923,34.21378532619251]}"
1_2020_08_01_+18342+7961,804.0,1,2020-03-01,6651.0,33.0,-1230.4959999999999,14833.0,"{""type"":""Point"",""coordinates"":[-117.91040079182677,34.2002955173086]}"
1_2020_08_01_+18342+7962,568.0,1,2020-03-01,7188.0,33.0,-1361.5200000000002,14830.0,"{""type"":""Point"",""coordinates"":[-117.90434190635813,34.20179438496236]}"
1_2020_08_01_+18342+7963,483.0,1,2020-03-01,7252.0,29.0,-1383.748,14864.0,"{""type"":""Point"",""coordinates"":[-117.90368722742413,34.19355061286665]}"
1_2020_08_01_+18343+7848,1665.0,1,2020-03-01,7206.0,7.0,-1266.492,14421.0,"{""type"":""Point"",""coordinates"":[-118.62456452142892,34.70841165193537]}"
1_2020_08_01_+18343+7854,1651.0,1,2020-03-01,6961.0,12.0,-1216.44,14540.0,"{""type"":""Point"",""coordinates"":[-118.58590001940057,34.681432034167585]}"
1_2020_08_01_+18343+7962,672.0,1,2020-03-01,7350.0,31.0,-1383.848,14864.0,"{""type"":""Point"",""coordinates"":[-117.898676186605,34.19579891434729]}"
1_2020_08_01_+18344+7857,1518.0,1,2020-03-01,7028.0,31.0,-1237.8080000000002,14494.0,"{""type"":""Point"",""coordinates"":[-118.57034917347013,34.68264733226522]}"
1_2020_08_01_+18345+7961,908.0,1,2020-03-01,7256.0,28.0,-1342.8120000000001,14806.0,"{""type"":""Point"",""coordinates"":[-117.89451631186081,34.20254381878925]}"
1_2020_08_01_+18346+7849,1568.0,1,2020-03-01,6622.0,19.0,-1156.0720000000001,14386.0,"{""type"":""Point"",""coordinates"":[-118.60170799945234,34.70391504897408]}"
1_2020_08_01_+18346+7956,1097.0,1,2020-03-01,7034.0,36.0,-1277.816,14718.0,"{""type"":""Point"",""coordinates"":[-117.92010980323823,34.22277853211509]}"
1_2020_08_01_+18346+7961,902.0,1,2020-03-01,6719.0,22.0,-1237.8120000000001,14806.0,"{""type"":""Point"",""coordinates"":[-117.88907943087844,34.202543818789245]}"
1_2020_08_01_+18347+7852,1474.0,1,2020-03-01,6821.0,19.0,-1205.032,14416.0,"{""type"":""Point"",""coordinates"":[-118.58237627783838,34.690425240090185]}"
1_2020_08_01_+18347+7856,1473.0,1,2020-03-01,5997.0,29.0,-1035.9640000000002,14587.0,"{""type"":""Point"",""coordinates"":[-118.55115313000536,34.67243882824498]}"
1_2020_08_01_+18347+7860,1072.0,1,2020-03-01,5078.0,36.0,-889.9639999999999,14612.0,"{""type"":""Point"",""coordinates"":[-118.52815475094319,34.654452416399785]}"
1_2020_08_01_+18348+7849,1466.0,1,2020-03-01,7025.0,31.0,-1242.976,14423.0,"{""type"":""Point"",""coordinates"":[-118.5935035690041,34.70391504897408]}"
1_2020_08_01_+18348+7853,1501.0,1,2020-03-01,6684.0,27.0,-1173.0040000000004,14357.0,"{""type"":""Point"",""coordinates"":[-118.56499836809574,34.685928637128875]}"
1_2020_08_01_+18348+7862,824.0,1,2020-03-01,3886.0,22.0,-679.5400000000001,14740.0,"{""type"":""Point"",""coordinates"":[-118.50983148242679,34.64545921047719]}"
1_2020_08_01_+18348+7959,959.0,1,2020-03-01,7299.0,26.0,-1346.76,14825.0,"{""type"":""Point"",""coordinates"":[-117.90836215926247,34.214384873254]}"
1_2020_08_01_+18349+7855,1521.0,1,2020-03-01,6341.0,23.0,-1103.316,14393.0,"{""type"":""Point"",""coordinates"":[-118.54336016428762,34.69063936404072]}"
1_2020_08_01_+18350+7861,1086.0,1,2020-03-01,5651.0,16.0,-1009.036,14628.0,"{""type"":""Point"",""coordinates"":[-118.5187172913238,34.66387798799175]}"
1_2020_08_01_+18351+7849,1507.0,1,2020-03-01,6584.0,28.0,-1151.7520000000002,14401.0,"{""type"":""Point"",""coordinates"":[-118.57435989795817,34.70391504897408]}"
1_2020_08_01_+18353+7850,1379.0,1,2020-03-01,7250.0,18.0,-1300.9119999999998,14381.0,"{""type"":""Point"",""coordinates"":[-118.55697740009285,34.69941844601278]}"
1_2020_08_01_+18354+7848,1377.0,1,2020-03-01,6224.0,14.0,-1096.9360000000001,14403.0,"{""type"":""Point"",""coordinates"":[-118.56439542774051,34.70841165193538]}"
1_2020_08_01_+18354+7853,1521.0,1,2020-03-01,7209.0,30.0,-1275.1840000000002,14347.0,"{""type"":""Point"",""coordinates"":[-118.53218777776438,34.68592863712888]}"
1_2020_08_01_+18355+7848,1284.0,1,2020-03-01,6332.0,13.0,-1128.136,14403.0,"{""type"":""Point"",""coordinates"":[-118.55892551013248,34.708411651935364]}"
1_2020_08_01_+18356+7849,1329.0,1,2020-03-01,6978.0,22.0,-1249.832,14441.0,"{""type"":""Point"",""coordinates"":[-118.54701179646402,34.70391504897408]}"
1_2020_08_01_+18357+7848,1208.0,1,2020-03-01,5080.0,10.0,-885.932,14441.0,"{""type"":""Point"",""coordinates"":[-118.5479856749164,34.708411651935386]}"
1_2020_08_01_+18357+7849,1311.0,1,2020-03-01,6832.0,22.0,-1222.736,14403.0,"{""type"":""Point"",""coordinates"":[-118.55432244030494,34.705199792677305]}"
1_2020_08_01_+18357+7853,1370.0,1,2020-03-01,6065.0,16.0,-1064.788,14459.0,"{""type"":""Point"",""coordinates"":[-118.5227814970449,34.69533062513887]}"
1_2020_08_01_+18358+7849,1268.0,1,2020-03-01,6403.0,22.0,-1140.6440000000002,14477.0,"{""type"":""Point"",""coordinates"":[-118.53607255586635,34.703915048974096]}"
1_2020_08_01_+18359+7848,1187.0,1,2020-03-01,5153.0,16.0,-900.5440000000001,14477.0,"{""type"":""Point"",""coordinates"":[-118.53704583970033,34.708411651935386]}"
1_2020_08_01_+18360+7855,1183.0,1,2020-03-01,6140.0,24.0,-1095.88,14485.0,"{""type"":""Point"",""coordinates"":[-118.50406471405758,34.696148189313654]}"
1_2020_08_01_+18363+7847,1229.0,1,2020-03-01,5236.0,30.0,-908.16,14550.0,"{""type"":""Point"",""coordinates"":[-118.52160931453705,34.712908254896675]}"
1_2020_08_01_+18363+7854,1254.0,1,2020-03-01,6463.0,19.0,-1154.888,14484.0,"{""type"":""Point"",""coordinates"":[-118.47927139192059,34.681432034167585]}"
1_2020_08_01_+18364+7853,1086.0,1,2020-03-01,4636.0,1.0,-811.552,14501.0,"{""type"":""Point"",""coordinates"":[-118.47997089151761,34.68892637243642]}"
1_2020_08_01_+18365+7846,1057.0,1,2020-03-01,3691.0,10.0,-622.664,14512.0,"{""type"":""Point"",""coordinates"":[-118.51711286564245,34.71740485785797]}"
1_2020_08_01_+18366+7846,1047.0,1,2020-03-01,3773.0,15.0,-636.668,14749.0,"{""type"":""Point"",""coordinates"":[-118.51212940097884,34.71965315933861]}"
1_2020_08_01_+18366+7852,1110.0,1,2020-03-01,3943.0,23.0,-662.96,14625.0,"{""type"":""Point"",""coordinates"":[-118.47300170249486,34.69042524009018]}"
1_2020_08_01_+18367+7849,1254.0,1,2020-03-01,5086.0,3.0,-883.6560000000001,14563.0,"{""type"":""Point"",""coordinates"":[-118.48958078332629,34.70391504897408]}"
1_2020_08_01_+18367+7851,1178.0,1,2020-03-01,4304.0,24.0,-728.2440000000001,14602.0,"{""type"":""Point"",""coordinates"":[-118.47396921093505,34.69492184305148]}"
1_2020_08_01_+18368+7847,1270.0,1,2020-03-01,4612.0,6.0,-786.4040000000001,14557.0,"{""type"":""Point"",""coordinates"":[-118.49425823962075,34.712908254896675]}"
1_2020_08_01_+18368+7850,1226.0,1,2020-03-01,5013.0,4.0,-870.116,14743.0,"{""type"":""Point"",""coordinates"":[-118.47493755425836,34.69941844601278]}"
1_2020_08_01_+18369+7847,1218.0,1,2020-03-01,4301.0,20.0,-725.204,14557.0,"{""type"":""Point"",""coordinates"":[-118.48878802463749,34.71290825489669]}"
1_2020_08_01_+18369+7849,1138.0,1,2020-03-01,5011.0,23.0,-873.952,14601.0,"{""type"":""Point"",""coordinates"":[-118.4759067325792,34.70391504897408]}"
1_2020_08_01_+18370+7843,1011.0,1,2020-03-01,2583.0,3.0,-405.12399999999997,14842.0,"{""type"":""Point"",""coordinates"":[-118.50909636958427,34.73089466674187]}"
1_2020_08_01_+18370+7846,958.0,1,2020-03-01,3133.0,6.0,-520.6120000000001,14706.0,"{""type"":""Point"",""coordinates"":[-118.49099121304333,34.72589844122932]}"
1_2020_08_01_+18371+7843,988.0,1,2020-03-01,2446.0,12.0,-377.324,14842.0,"{""type"":""Point"",""coordinates"":[-118.50362496443964,34.730894666741875]}"
1_2020_09_01_+18231+7966,212.0,1,2020-03-01,6383.0,2.0,-1242.596,15183.0,"{""type"":""Point"",""coordinates"":[-118.48229080955053,34.17781250250211]}"
1_2020_09_01_+18232+7966,213.0,1,2020-03-01,6652.0,2.0,-1296.016,15218.0,"{""type"":""Point"",""coordinates"":[-118.47685552262395,34.17781250250211]}"
1_2020_09_01_+18317+7967,604.0,1,2020-03-01,6300.0,29.0,-1180.512,14956.0,"{""type"":""Point"",""coordinates"":[-118.01122217490185,34.17871182309437]}"
1_2020_09_01_+18318+7958,1553.0,1,2020-03-01,7656.0,19.0,-1361.836,14703.0,"{""type"":""Point"",""coordinates"":[-118.06426428368019,34.2182819291538]}"
1_2020_09_01_+18318+7966,548.0,1,2020-03-01,6737.0,32.0,-1272.612,14956.0,"{""type"":""Point"",""coordinates"":[-118.009420846939,34.17781250250211]}"
1_2020_09_01_+18318+7968,401.0,1,2020-03-01,6879.0,32.0,-1315.7120000000002,14956.0,"{""type"":""Point"",""coordinates"":[-117.99922535154633,34.17181703188704]}"
1_2020_09_01_+18320+7957,1472.0,1,2020-03-01,6094.0,41.0,-1051.5759999999998,14623.0,"{""type"":""Point"",""coordinates"":[-118.05911414298455,34.21978079680756]}"
1_2020_09_01_+18320+7959,1140.0,1,2020-03-01,7636.0,41.0,-1393.104,14632.0,"{""type"":""Point"",""coordinates"":[-118.04799472165874,34.21378532619251]}"
1_2020_09_01_+18320+7962,691.0,1,2020-03-01,7189.0,10.0,-1356.8000000000002,14770.0,"{""type"":""Point"",""coordinates"":[-118.02371444567974,34.19579891434729]}"
1_2020_09_01_+18321+7956,1645.0,1,2020-03-01,6448.0,35.0,-1106.8760000000002,14623.0,"{""type"":""Point"",""coordinates"":[-118.05606446972237,34.2227785321151]}"
1_2020_09_01_+18321+7968,541.0,1,2020-03-01,6858.0,27.0,-1299.0120000000002,14956.0,"{""type"":""Point"",""coordinates"":[-117.98658445503693,34.17203115583757]}"
1_2020_09_01_+18322+7959,1081.0,1,2020-03-01,7555.0,27.0,-1386.844,14652.0,"{""type"":""Point"",""coordinates"":[-118.03401877516147,34.2131429543409]}"
1_2020_09_01_+18322+7962,630.0,1,2020-03-01,7294.0,21.0,-1380.5040000000001,14782.0,"{""type"":""Point"",""coordinates"":[-118.01555977660963,34.19579891434729]}"
1_2020_09_01_+18322+7968,458.0,1,2020-03-01,6773.0,26.0,-1290.4840000000002,14972.0,"{""type"":""Point"",""coordinates"":[-117.97510715441925,34.16881929657951]}"
1_2020_09_01_+18323+7948,1350.0,1,2020-03-01,5976.0,16.0,-1047.428,14654.0,"{""type"":""Point"",""coordinates"":[-118.09607994776059,34.260999657286135]}"
1_2020_09_01_+18323+7968,566.0,1,2020-03-01,6720.0,21.0,-1270.584,14972.0,"{""type"":""Point"",""coordinates"":[-117.96967244666658,34.1688192965795]}"
1_2020_09_01_+18324+7949,1224.0,1,2020-03-01,7217.0,14.0,-1309.796,14533.0,"{""type"":""Point"",""coordinates"":[-118.08933194595157,34.25425475284419]}"
1_2020_09_01_+18324+7951,1313.0,1,2020-03-01,6373.0,44.0,-1122.4800000000002,14610.0,"{""type"":""Point"",""coordinates"":[-118.07127277348393,34.245261546921576]}"
1_2020_09_01_+18324+7952,1291.0,1,2020-03-01,6650.0,28.0,-1185.5120000000002,14531.0,"{""type"":""Point"",""coordinates"":[-118.06496539943657,34.240764943960286]}"
1_2020_09_01_+18324+7956,1143.0,1,2020-03-01,8111.0,26.0,-1492.048,14664.0,"{""type"":""Point"",""coordinates"":[-118.03974990974427,34.22277853211509]}"
1_2020_09_01_+18324+7957,1150.0,1,2020-03-01,8158.0,16.0,-1503.748,14664.0,"{""type"":""Point"",""coordinates"":[-118.03616848563355,34.2182819291538]}"
1_2020_09_01_+18324+7967,551.0,1,2020-03-01,7069.0,27.0,-1341.0200000000002,14855.0,"{""type"":""Point"",""coordinates"":[-117.97324023258524,34.17331589954081]}"
1_2020_09_01_+18324+7968,666.0,1,2020-03-01,6718.0,20.0,-1260.6200000000001,14955.0,"{""type"":""Point"",""coordinates"":[-117.96423773891397,34.1688192965795]}"
1_2020_09_01_+18325+7948,1436.0,1,2020-03-01,6042.0,25.0,-1049.3280000000002,14654.0,"{""type"":""Point"",""coordinates"":[-118.08791896300758,34.26099965728613]}"
1_2020_09_01_+18325+7952,1195.0,1,2020-03-01,7358.0,24.0,-1337.912,14531.0,"{""type"":""Point"",""coordinates"":[-118.05952605107925,34.240764943960286]}"
1_2020_09_01_+18326+7948,1269.0,1,2020-03-01,5531.0,18.0,-965.464,14712.0,"{""type"":""Point"",""coordinates"":[-118.07932228218364,34.25875135580549]}"
1_2020_09_01_+18326+7950,1040.0,1,2020-03-01,6413.0,5.0,-1169.056,14663.0,"{""type"":""Point"",""coordinates"":[-118.06670168959822,34.24975814988288]}"
1_2020_09_01_+18326+7951,1128.0,1,2020-03-01,6550.0,25.0,-1181.656,14663.0,"{""type"":""Point"",""coordinates"":[-118.06311331506916,34.24526154692159]}"
1_2020_09_01_+18326+7952,1152.0,1,2020-03-01,6955.0,24.0,-1261.3799999999999,14560.0,"{""type"":""Point"",""coordinates"":[-118.05408670272189,34.240764943960286]}"
1_2020_09_01_+18326+7955,1185.0,1,2020-03-01,7716.0,13.0,-1413.3,14595.0,"{""type"":""Point"",""coordinates"":[-118.03908829395849,34.228774002730155]}"
1_2020_09_01_+18326+7966,1005.0,1,2020-03-01,7043.0,39.0,-1287.5720000000001,14761.0,"{""type"":""Point"",""coordinates"":[-118.00850073399575,34.20650278443998]}"
1_2020_09_01_+18327+7947,1266.0,1,2020-03-01,6671.0,32.0,-1189.5720000000001,14711.0,"{""type"":""Point"",""coordinates"":[-118.08019387944121,34.26324795876678]}"
1_2020_09_01_+18327+7950,1011.0,1,2020-03-01,6660.0,3.0,-1221.9560000000001,14663.0,"{""type"":""Point"",""coordinates"":[-118.0612617600047,34.24975814988288]}"
1_2020_09_01_+18327+7952,1089.0,1,2020-03-01,7397.0,32.0,-1353.68,14560.0,"{""type"":""Point"",""coordinates"":[-118.04864735436453,34.240764943960286]}"
1_2020_09_01_+18327+7953,1149.0,1,2020-03-01,7747.0,29.0,-1418.58,14560.0,"{""type"":""Point"",""coordinates"":[-118.04234225283281,34.236268340999]}"
1_2020_09_01_+18327+7967,796.0,1,2020-03-01,7401.0,21.0,-1384.7440000000001,14852.0,"{""type"":""Point"",""coordinates"":[-117.95965273931664,34.1733158995408]}"
1_2020_09_01_+18328+7951,1303.0,1,2020-03-01,6728.0,30.0,-1197.296,14783.0,"{""type"":""Point"",""coordinates"":[-118.03822021779224,34.26017133568799]}"
1_2020_09_01_+18328+7953,1120.0,1,2020-03-01,7723.0,21.0,-1418.8960000000002,14583.0,"{""type"":""Point"",""coordinates"":[-118.03690319499674,34.236268340999]}"
1_2020_09_01_+18328+7955,1351.0,1,2020-03-01,7351.0,31.0,-1317.8360000000002,14653.0,"{""type"":""Point"",""coordinates"":[-118.03016791520838,34.229523436557045]}"
1_2020_09_01_+18328+7966,884.0,1,2020-03-01,7342.0,34.0,-1360.148,14864.0,"{""type"":""Point"",""coordinates"":[-117.95897516013669,34.17931137015587]}"
1_2020_09_01_+18329+7947,1245.0,1,2020-03-01,6257.0,20.0,-1111.944,14777.0,"{""type"":""Point"",""coordinates"":[-118.06931227557693,34.26324795876678]}"
1_2020_09_01_+18329+7953,1040.0,1,2020-03-01,7736.0,25.0,-1428.0320000000002,14616.0,"{""type"":""Point"",""coordinates"":[-118.03189662080118,34.23851664247964]}"
1_2020_09_01_+18329+7965,1226.0,1,2020-03-01,7376.0,21.0,-1338.44,14640.0,"{""type"":""Point"",""coordinates"":[-117.98102486672497,34.197249431431594]}"
1_2020_09_01_+18330+7946,1352.0,1,2020-03-01,5444.0,20.0,-938.78,14760.0,"{""type"":""Point"",""coordinates"":[-118.07290465795482,34.26774456172809]}"
1_2020_09_01_+18330+7948,1288.0,1,2020-03-01,5750.0,23.0,-1005.488,14759.0,"{""type"":""Point"",""coordinates"":[-118.06265376954622,34.268194222024206]}"
1_2020_09_01_+18330+7951,1038.0,1,2020-03-01,6379.0,32.0,-1153.2600000000002,14800.0,"{""type"":""Point"",""coordinates"":[-118.0445081725274,34.24750984840224]}"
1_2020_09_01_+18330+7965,1057.0,1,2020-03-01,6398.0,28.0,-1156.8880000000001,14734.0,"{""type"":""Point"",""coordinates"":[-117.95048345389863,34.182309105463396]}"
1_2020_09_01_+18331+7944,1660.0,1,2020-03-01,6588.0,14.0,-1139.2520000000002,14676.0,"{""type"":""Point"",""coordinates"":[-118.0773719199012,34.27673776765068]}"
1_2020_09_01_+18331+7945,1601.0,1,2020-03-01,6455.0,18.0,-1117.3519999999999,14676.0,"{""type"":""Point"",""coordinates"":[-118.07105676798874,34.27224116468938]}"
1_2020_09_01_+18331+7951,893.0,1,2020-03-01,6976.0,23.0,-1289.8600000000001,14800.0,"{""type"":""Point"",""coordinates"":[-118.03319530088177,34.24526154692159]}"
1_2020_09_01_+18331+7953,1029.0,1,2020-03-01,7474.0,22.0,-1376.1680000000001,14799.0,"{""type"":""Point"",""coordinates"":[-118.02614825008651,34.242563585144815]}"
1_2020_09_01_+18331+7962,1418.0,1,2020-03-01,7040.0,33.0,-1248.992,14571.0,"{""type"":""Point"",""coordinates"":[-117.96361069769634,34.21735159750664]}"
1_2020_09_01_+18331+7964,1015.0,1,2020-03-01,7294.0,22.0,-1341.7520000000002,14776.0,"{""type"":""Point"",""coordinates"":[-117.95371522842352,34.18980344373224]}"
1_2020_09_01_+18332+7954,955.0,1,2020-03-01,7808.0,17.0,-1452.8280000000002,14679.0,"{""type"":""Point"",""coordinates"":[-118.00695874308833,34.239381373818354]}"
1_2020_09_01_+18334+7944,1554.0,1,2020-03-01,6467.0,17.0,-1124.328,14729.0,"{""type"":""Point"",""coordinates"":[-118.0610468953444,34.27673776765069]}"
1_2020_09_01_+18334+7945,1395.0,1,2020-03-01,5945.0,35.0,-1030.4279999999999,14729.0,"{""type"":""Point"",""coordinates"":[-118.05473261654593,34.27224116468938]}"
1_2020_09_01_+18334+7949,1071.0,1,2020-03-01,6520.0,27.0,-1179.2920000000001,14846.0,"{""type"":""Point"",""coordinates"":[-118.0294895225582,34.25425475284419]}"
1_2020_09_01_+18334+7950,890.0,1,2020-03-01,6495.0,24.0,-1193.956,14763.0,"{""type"":""Point"",""coordinates"":[-118.02318225284988,34.24975814988288]}"
1_2020_09_01_+18334+7956,1198.0,1,2020-03-01,6905.0,17.0,-1248.272,14636.0,"{""type"":""Point"",""coordinates"":[-117.98746751060538,34.22427739976886]}"
1_2020_09_01_+18335+7950,875.0,1,2020-03-01,6751.0,16.0,-1249.056,14763.0,"{""type"":""Point"",""coordinates"":[-118.01774232325633,34.24975814988288]}"
1_2020_09_01_+18335+7960,1177.0,1,2020-03-01,7347.0,14.0,-1339.1680000000001,14699.0,"{""type"":""Point"",""coordinates"":[-117.95746804302736,34.2047921202699]}"
1_2020_09_01_+18335+7962,845.0,1,2020-03-01,7383.0,5.0,-1382.268,14699.0,"{""type"":""Point"",""coordinates"":[-117.95185325515513,34.19772602990214]}"
1_2020_09_01_+18336+7950,920.0,1,2020-03-01,6282.0,21.0,-1149.1680000000001,14774.0,"{""type"":""Point"",""coordinates"":[-118.01230239366278,34.24975814988288]}"
1_2020_09_01_+18336+7962,647.0,1,2020-03-01,6771.0,8.0,-1278.392,14746.0,"{""type"":""Point"",""coordinates"":[-117.9367313089321,34.19579891434729]}"
1_2020_09_01_+18338+7950,991.0,1,2020-03-01,6805.0,18.0,-1246.6480000000001,14889.0,"{""type"":""Point"",""coordinates"":[-118.00471976282861,34.252755885190425]}"
1_2020_09_01_+18339+7948,1038.0,1,2020-03-01,6491.0,31.0,-1175.248,14889.0,"{""type"":""Point"",""coordinates"":[-118.00859563803938,34.25875135580549]}"
1_2020_09_01_+18339+7950,1054.0,1,2020-03-01,6731.0,6.0,-1229.8039999999999,14807.0,"{""type"":""Point"",""coordinates"":[-117.99598260488214,34.24975814988289]}"
1_2020_09_01_+18339+7953,778.0,1,2020-03-01,7355.0,6.0,-1382.7,14745.0,"{""type"":""Point"",""coordinates"":[-117.98022419145904,34.23851664247964]}"
1_2020_09_01_+18339+7961,748.0,1,2020-03-01,6367.0,7.0,-1187.536,14778.0,"{""type"":""Point"",""coordinates"":[-117.92671099979,34.2002955173086]}"
1_2020_09_01_+18340+7946,1452.0,1,2020-03-01,6225.0,27.0,-1082.096,14858.0,"{""type"":""Point"",""coordinates"":[-118.01849372954587,34.26774456172809]}"
1_2020_09_01_+18341+7949,1295.0,1,2020-03-01,6302.0,27.0,-1113.0600000000002,14875.0,"{""type"":""Point"",""coordinates"":[-117.99875225283989,34.26561459190431]}"
1_2020_09_01_+18341+7952,698.0,1,2020-03-01,4520.0,20.0,-819.4920000000001,14746.0,"{""type"":""Point"",""coordinates"":[-117.97249647736163,34.240764943960286]}"
1_2020_09_01_+18341+7959,1084.0,1,2020-03-01,7153.0,27.0,-1305.192,14771.0,"{""type"":""Point"",""coordinates"":[-117.94311232173816,34.21507006989573]}"
1_2020_09_01_+18342+7951,765.0,1,2020-03-01,4460.0,35.0,-795.02,14905.0,"{""type"":""Point"",""coordinates"":[-117.97335927250691,34.245261546921576]}"
1_2020_09_01_+18342+7952,803.0,1,2020-03-01,6688.0,27.0,-1240.66,14725.0,"{""type"":""Point"",""coordinates"":[-117.9670571290043,34.240764943960286]}"
1_2020_09_01_+18342+7957,775.0,1,2020-03-01,7493.0,37.0,-1401.38,14735.0,"{""type"":""Point"",""coordinates"":[-117.94079989162064,34.23755308470223]}"
1_2020_09_01_+18343+7944,1517.0,1,2020-03-01,6085.0,22.0,-1050.168,14724.0,"{""type"":""Point"",""coordinates"":[-118.0120718216739,34.27673776765068]}"
1_2020_09_01_+18343+7948,1060.0,1,2020-03-01,5931.0,28.0,-1062.1,14870.0,"{""type"":""Point"",""coordinates"":[-117.98683359368725,34.25875135580549]}"
1_2020_09_01_+18343+7956,1370.0,1,2020-03-01,6978.0,24.0,-1243.892,14596.0,"{""type"":""Point"",""coordinates"":[-117.93642436321635,34.22277853211509]}"
1_2020_09_01_+18345+7944,1431.0,1,2020-03-01,5874.0,16.0,-1018.936,14653.0,"{""type"":""Point"",""coordinates"":[-118.00839903547111,34.28235852135231]}"
1_2020_09_01_+18345+7949,1029.0,1,2020-03-01,6527.0,32.0,-1183.048,14889.0,"{""type"":""Point"",""coordinates"":[-117.97051206042319,34.25875135580549]}"
1_2020_09_01_+18345+7955,691.0,1,2020-03-01,7055.0,26.0,-1325.48,14735.0,"{""type"":""Point"",""coordinates"":[-117.94717210049029,34.24180262156675]}"
1_2020_09_01_+18346+7944,1499.0,1,2020-03-01,6393.0,22.0,-1112.928,14804.0,"{""type"":""Point"",""coordinates"":[-117.99574679711706,34.27673776765068]}"
1_2020_09_01_+18347+7942,1647.0,1,2020-03-01,5575.0,11.0,-938.212,14756.0,"{""type"":""Point"",""coordinates"":[-118.0098617804468,34.29595052575805]}"
1_2020_09_01_+18347+7955,1073.0,1,2020-03-01,8025.0,34.0,-1479.856,14613.0,"{""type"":""Point"",""coordinates"":[-117.92368594958722,34.227275135076376]}"
1_2020_09_01_+18348+7947,1048.0,1,2020-03-01,6679.0,39.0,-1209.6560000000002,14863.0,"{""type"":""Point"",""coordinates"":[-117.96593703886603,34.26324795876678]}"
1_2020_09_01_+18348+7955,1302.0,1,2020-03-01,7354.0,13.0,-1329.056,14613.0,"{""type"":""Point"",""coordinates"":[-117.9155282341066,34.22727513507638]}"
1_2020_09_01_+18349+7946,1087.0,1,2020-03-01,5973.0,24.0,-1069.056,14863.0,"{""type"":""Point"",""coordinates"":[-117.96680334755737,34.267744561728094]}"
1_2020_09_01_+18349+7955,1249.0,1,2020-03-01,7797.0,28.0,-1418.456,14613.0,"{""type"":""Point"",""coordinates"":[-117.91008975711951,34.22727513507638]}"
1_2020_09_01_+18350+7948,1104.0,1,2020-03-01,6269.0,27.0,-1125.728,14854.0,"{""type"":""Point"",""coordinates"":[-117.94237415410323,34.26662041098775]}"
1_2020_09_01_+18350+7955,640.0,1,2020-03-01,6361.0,8.0,-1196.476,14823.0,"{""type"":""Point"",""coordinates"":[-117.9128156213075,34.250833424504066]}"
1_2020_09_01_+18351+7945,1357.0,1,2020-03-01,5604.0,31.0,-966.3799999999999,14835.0,"{""type"":""Point"",""coordinates"":[-117.96222909170346,34.27224116468938]}"
1_2020_09_01_+18351+7955,1135.0,1,2020-03-01,6883.0,28.0,-1246.576,14673.0,"{""type"":""Point"",""coordinates"":[-117.8992128031453,34.22727513507639]}"
1_2020_09_01_+18352+7945,1287.0,1,2020-03-01,4795.0,34.0,-811.2399999999999,14765.0,"{""type"":""Point"",""coordinates"":[-117.95678770788916,34.27224116468938]}"
1_2020_09_01_+18352+7954,928.0,1,2020-03-01,7651.0,33.0,-1419.296,14683.0,"{""type"":""Point"",""coordinates"":[-117.900069367274,34.231771738037686]}"
1_2020_09_01_+18352+7955,1054.0,1,2020-03-01,7236.0,35.0,-1323.096,14683.0,"{""type"":""Point"",""coordinates"":[-117.89377432615821,34.22727513507638]}"
1_2020_09_01_+18352+7960,617.0,1,2020-03-01,6629.0,21.0,-1248.2520000000002,14851.0,"{""type"":""Point"",""coordinates"":[-117.87641059253576,34.21357120224196]}"
1_2020_09_01_+18353+7954,824.0,1,2020-03-01,7473.0,28.0,-1395.596,14683.0,"{""type"":""Point"",""coordinates"":[-117.89463059989468,34.23177173803769]}"
1_2020_09_01_+18354+7944,1416.0,1,2020-03-01,4282.0,31.0,-696.168,14824.0,"{""type"":""Point"",""coordinates"":[-117.9522133982989,34.27673776765068]}"
1_2020_09_01_+18354+7945,1237.0,1,2020-03-01,5697.0,39.0,-994.6680000000001,14824.0,"{""type"":""Point"",""coordinates"":[-117.94862563216779,34.27224116468938]}"
1_2020_09_01_+18354+7948,1130.0,1,2020-03-01,6109.0,29.0,-1091.3519999999999,14751.0,"{""type"":""Point"",""coordinates"":[-117.93090277065137,34.26025022345925]}"
1_2020_09_01_+18354+7952,685.0,1,2020-03-01,7303.0,29.0,-1375.0120000000002,14706.0,"{""type"":""Point"",""coordinates"":[-117.90994397125213,34.240764943960286]}"
1_2020_09_01_+18354+7954,752.0,1,2020-03-01,7281.0,10.0,-1369.492,14721.0,"{""type"":""Point"",""coordinates"":[-117.88962013076693,34.234020039518334]}"
1_2020_09_01_+18355+7944,1417.0,1,2020-03-01,3822.0,30.0,-604.368,14824.0,"{""type"":""Point"",""coordinates"":[-117.9467717234466,34.27673776765068]}"
1_2020_09_01_+18355+7954,792.0,1,2020-03-01,7077.0,25.0,-1320.416,14693.0,"{""type"":""Point"",""coordinates"":[-117.88375306513603,34.23177173803769]}"
1_2020_09_01_+18355+7958,835.0,1,2020-03-01,6962.0,22.0,-1294.0320000000002,14691.0,"{""type"":""Point"",""coordinates"":[-117.86845566948179,34.22502683359575]}"
1_2020_09_01_+18356+7943,1420.0,1,2020-03-01,4923.0,24.0,-826.684,14747.0,"{""type"":""Point"",""coordinates"":[-117.94763932586024,34.28123437061198]}"
1_2020_09_01_+18356+7952,525.0,1,2020-03-01,5916.0,14.0,-1117.824,14742.0,"{""type"":""Point"",""coordinates"":[-117.89090625200141,34.240764943960286]}"
1_2020_09_01_+18356+7953,612.0,1,2020-03-01,6487.0,20.0,-1221.5240000000001,14742.0,"{""type"":""Point"",""coordinates"":[-117.88460957558668,34.236268340999]}"
1_2020_09_01_+18357+7952,539.0,1,2020-03-01,6296.0,17.0,-1191.524,14742.0,"{""type"":""Point"",""coordinates"":[-117.88546690364406,34.240764943960286]}"
1_2020_09_01_+18359+7941,1590.0,1,2020-03-01,6576.0,37.0,-1136.624,14717.0,"{""type"":""Point"",""coordinates"":[-117.94393444045097,34.290227576534576]}"
1_2020_09_01_+18359+7942,1425.0,1,2020-03-01,6570.0,20.0,-1156.808,14744.0,"{""type"":""Point"",""coordinates"":[-117.9376232333657,34.28573097357328]}"
1_2020_09_01_+18359+7946,1029.0,1,2020-03-01,5455.0,41.0,-966.34,14840.0,"{""type"":""Point"",""coordinates"":[-117.91239241914842,34.26774456172809]}"
1_2020_09_01_+18359+7948,823.0,1,2020-03-01,6312.0,32.0,-1160.768,14874.0,"{""type"":""Point"",""coordinates"":[-117.89682863134048,34.26224871366427]}"
1_2020_09_01_+18359+7951,649.0,1,2020-03-01,5524.0,25.0,-1022.532,14891.0,"{""type"":""Point"",""coordinates"":[-117.88088541047308,34.245261546921576]}"
1_2020_09_01_+18360+7848,1264.0,1,2020-03-01,5364.0,20.0,-933.7799999999999,14485.0,"{""type"":""Point"",""coordinates"":[-118.53157592209232,34.70841165193537]}"
1_2020_09_01_+18360+7941,1511.0,1,2020-03-01,6039.0,28.0,-1039.784,14722.0,"{""type"":""Point"",""coordinates"":[-117.94164787573679,34.29247587801523]}"
1_2020_09_01_+18360+7951,616.0,1,2020-03-01,6862.0,19.0,-1295.2320000000002,14891.0,"{""type"":""Point"",""coordinates"":[-117.88931530436057,34.24825928222912]}"
1_2020_09_01_+18360+7953,772.0,1,2020-03-01,7200.0,32.0,-1344.524,14742.0,"{""type"":""Point"",""coordinates"":[-117.87311042563842,34.23776720865276]}"
1_2020_09_01_+18363+7944,1413.0,1,2020-03-01,5840.0,30.0,-1009.088,14734.0,"{""type"":""Point"",""coordinates"":[-117.91584072204478,34.291662662586056]}"
1_2020_09_01_+18363+7949,917.0,1,2020-03-01,6004.0,29.0,-1090.5159999999998,14893.0,"{""type"":""Point"",""coordinates"":[-117.87061986472621,34.260678471360336]}"
1_2020_09_01_+18364+7949,725.0,1,2020-03-01,5895.0,18.0,-1090.816,14943.0,"{""type"":""Point"",""coordinates"":[-117.86671252929773,34.25650305432484]}"
1_2020_09_01_+18365+7937,1888.0,1,2020-03-01,5247.0,57.0,-837.0640000000001,14462.0,"{""type"":""Point"",""coordinates"":[-117.9365310084228,34.30821398837978]}"
1_2020_09_01_+18365+7939,1513.0,1,2020-03-01,5833.0,42.0,-995.0720000000001,14611.0,"{""type"":""Point"",""coordinates"":[-117.92390227490326,34.29922078245719]}"
1_2020_09_01_+18367+7937,1738.0,1,2020-03-01,3691.0,45.0,-545.44,14340.0,"{""type"":""Point"",""coordinates"":[-117.92564358056389,34.30821398837978]}"
1_2020_09_01_+18367+7938,1684.0,1,2020-03-01,6036.0,28.0,-1022.948,14589.0,"{""type"":""Point"",""coordinates"":[-117.91932909551673,34.30371738541848]}"
1_2020_09_01_+18367+7939,1692.0,1,2020-03-01,6074.0,35.0,-1027.648,14589.0,"{""type"":""Point"",""coordinates"":[-117.91874903671818,34.30071965011094]}"
1_2020_09_01_+18367+7947,901.0,1,2020-03-01,6639.0,15.0,-1223.8120000000004,14831.0,"{""type"":""Point"",""coordinates"":[-117.89034879570359,34.28516889820312]}"
1_2020_09_01_+18368+7934,2039.0,1,2020-03-01,4340.0,28.0,-648.7520000000001,14526.0,"{""type"":""Point"",""coordinates"":[-117.93245264595943,34.327699267878735]}"
1_2020_09_01_+18368+7937,1846.0,1,2020-03-01,3638.0,39.0,-525.864,14337.0,"{""type"":""Point"",""coordinates"":[-117.92019986663445,34.30821398837978]}"
1_2020_09_01_+18369+7931,2080.0,1,2020-03-01,4126.0,14.0,-606.436,14478.0,"{""type"":""Point"",""coordinates"":[-117.95266902994453,34.33519360614757]}"
1_2020_09_01_+18369+7932,2097.0,1,2020-03-01,4716.0,28.0,-718.352,14501.0,"{""type"":""Point"",""coordinates"":[-117.94903872045447,34.335193606147556]}"
1_2020_09_01_+18369+7937,2072.0,1,2020-03-01,4634.0,34.0,-703.964,14337.0,"{""type"":""Point"",""coordinates"":[-117.91791362968719,34.310462289860425]}"
1_2020_09_01_+18370+7935,2199.0,1,2020-03-01,4576.0,28.0,-680.168,14499.0,"{""type"":""Point"",""coordinates"":[-117.92882635802148,34.31900583548689]}"
1_2020_09_01_+18370+7936,1953.0,1,2020-03-01,5592.0,42.0,-904.6160000000002,14393.0,"{""type"":""Point"",""coordinates"":[-117.91562745186785,34.31271059134107]}"
1_2020_09_01_+18370+7944,1357.0,1,2020-03-01,5886.0,30.0,-1022.672,14886.0,"{""type"":""Point"",""coordinates"":[-117.8651466006625,34.27673776765069]}"
1_2020_09_01_+18371+7935,1871.0,1,2020-03-01,7510.0,24.0,-1301.976,14373.0,"{""type"":""Point"",""coordinates"":[-117.9164995706755,34.31720719430237]}"
1_2020_09_01_+18372+7931,2356.0,1,2020-03-01,4472.0,13.0,-648.152,14501.0,"{""type"":""Point"",""coordinates"":[-117.94207047245622,34.336692473801335]}"
1_2020_09_01_+18372+7933,1913.0,1,2020-03-01,5033.0,34.0,-798.624,14467.0,"{""type"":""Point"",""coordinates"":[-117.9236911482019,34.326200400224984]}"
1_2020_09_01_+18372+7936,1582.0,1,2020-03-01,7658.0,28.0,-1360.564,14212.0,"{""type"":""Point"",""coordinates"":[-117.90865926348042,34.314209458994846]}"
1_2020_09_01_+18374+7926,1871.0,1,2020-03-01,6595.0,8.0,-1123.976,14348.0,"{""type"":""Point"",""coordinates"":[-117.95706708958882,34.357676620954074]}"
1_2020_09_01_+18374+7927,1945.0,1,2020-03-01,5741.0,29.0,-939.4760000000001,14348.0,"{""type"":""Point"",""coordinates"":[-117.95073920344399,34.35318001799276]}"
1_2020_09_01_+18374+7931,2365.0,1,2020-03-01,4027.0,16.0,-558.6400000000001,14340.0,"{""type"":""Point"",""coordinates"":[-117.92926038979898,34.3408143598492]}"
1_2020_09_01_+18374+7933,2101.0,1,2020-03-01,6549.0,35.0,-1083.7400000000002,14340.0,"{""type"":""Point"",""coordinates"":[-117.91970435391507,34.33369473849381]}"
1_2020_09_01_+18374+7936,1327.0,1,2020-03-01,6620.0,36.0,-1173.128,14579.0,"{""type"":""Point"",""coordinates"":[-117.89657343267004,34.31271059134107]}"
1_2020_09_01_+18374+7941,1430.0,1,2020-03-01,6154.0,33.0,-1069.304,14732.0,"{""type"":""Point"",""coordinates"":[-117.86229621513665,34.290227576534576]}"
1_2020_09_01_+18375+7925,1724.0,1,2020-03-01,5691.0,20.0,-953.7480000000002,14414.0,"{""type"":""Point"",""coordinates"":[-117.95794916445742,34.362173223915356]}"
1_2020_09_01_+18375+7926,1834.0,1,2020-03-01,6182.0,29.0,-1038.776,14348.0,"{""type"":""Point"",""coordinates"":[-117.95162016498288,34.357676620954074]}"
1_2020_09_01_+18375+7930,2283.0,1,2020-03-01,4027.0,33.0,-561.74,14340.0,"{""type"":""Point"",""coordinates"":[-117.92631821938066,34.33969020910887]}"
1_2020_09_01_+18375+7936,1221.0,1,2020-03-01,6311.0,42.0,-1121.064,14462.0,"{""type"":""Point"",""coordinates"":[-117.8947223822535,34.31720719430237]}"
1_2020_09_01_+18375+7939,1350.0,1,2020-03-01,7100.0,25.0,-1269.24,14690.0,"{""type"":""Point"",""coordinates"":[-117.86947096477907,34.29922078245719]}"
1_2020_09_01_+18375+7940,1625.0,1,2020-03-01,7584.0,31.0,-1336.9160000000002,14668.0,"{""type"":""Point"",""coordinates"":[-117.86359462211716,34.29697248097653]}"
1_2020_09_01_+18376+7928,2284.0,1,2020-03-01,4804.0,18.0,-723.1080000000001,14144.0,"{""type"":""Point"",""coordinates"":[-117.93352004206777,34.348683415031466]}"
1_2020_09_01_+18376+7935,1479.0,1,2020-03-01,7636.0,12.0,-1368.9679999999998,14499.0,"{""type"":""Point"",""coordinates"":[-117.90160171682679,34.32860929466852]}"
1_2020_09_01_+18376+7936,1255.0,1,2020-03-01,6741.0,33.0,-1205.748,14539.0,"{""type"":""Point"",""coordinates"":[-117.87805047908206,34.321703797263666]}"
1_2020_09_01_+18377+7910,1395.0,1,2020-03-01,3649.0,24.0,-574.6320000000001,14716.0,"{""type"":""Point"",""coordinates"":[-118.04259922777301,34.4318705698155]}"
1_2020_09_01_+18377+7920,1852.0,1,2020-03-01,4019.0,35.0,-600.064,14662.0,"{""type"":""Point"",""coordinates"":[-117.98972497727149,34.39157408943155]}"
1_2020_09_01_+18377+7937,1169.0,1,2020-03-01,6244.0,30.0,-1114.832,14666.0,"{""type"":""Point"",""coordinates"":[-117.87120644126938,34.30821398837976]}"
1_2020_09_01_+18378+7925,1919.0,1,2020-03-01,6117.0,21.0,-1019.3560000000001,14388.0,"{""type"":""Point"",""coordinates"":[-117.94433112227051,34.36217322391535]}"
1_2020_09_01_+18378+7929,2028.0,1,2020-03-01,6148.0,23.0,-1015.8960000000002,14158.0,"{""type"":""Point"",""coordinates"":[-117.91630345397849,34.344186812070156]}"
1_2020_09_01_+18378+7934,1655.0,1,2020-03-01,7227.0,36.0,-1262.048,14539.0,"{""type"":""Point"",""coordinates"":[-117.88742727088822,34.321703797263666]}"
1_2020_09_01_+18378+7938,1360.0,1,2020-03-01,5184.0,30.0,-883.516,14693.0,"{""type"":""Point"",""coordinates"":[-117.86260691278517,34.30596568689912]}"
1_2020_09_01_+18379+7910,1248.0,1,2020-03-01,3413.0,6.0,-547.4200000000001,14730.0,"{""type"":""Point"",""coordinates"":[-118.03124659292142,34.42962226833484]}"
1_2020_09_01_+18379+7914,1456.0,1,2020-03-01,3511.0,25.0,-541.744,14577.0,"{""type"":""Point"",""coordinates"":[-118.00585926650608,34.411635856489646]}"
1_2020_09_01_+18379+7917,1785.0,1,2020-03-01,3837.0,27.0,-573.94,14515.0,"{""type"":""Point"",""coordinates"":[-117.98333271469882,34.4079823665836]}"
1_2020_09_01_+18379+7924,1828.0,1,2020-03-01,4853.0,15.0,-777.4559999999999,14388.0,"{""type"":""Point"",""coordinates"":[-117.9424895329358,34.36666982687666]}"
1_2020_09_01_+18380+7914,1313.0,1,2020-03-01,3430.0,22.0,-539.576,14723.0,"{""type"":""Point"",""coordinates"":[-118.01627253366485,34.422877363892894]}"
1_2020_09_01_+18380+7924,1884.0,1,2020-03-01,4853.0,10.0,-773.548,14364.0,"{""type"":""Point"",""coordinates"":[-117.9370420237273,34.36666982687666]}"
1_2020_09_01_+18380+7929,2078.0,1,2020-03-01,5699.0,12.0,-923.54,14265.0,"{""type"":""Point"",""coordinates"":[-117.92199047026376,34.35065067882703]}"
1_2020_09_01_+18381+7936,1331.0,1,2020-03-01,6284.0,29.0,-1108.4520000000002,14476.0,"{""type"":""Point"",""coordinates"":[-117.8718257169384,34.3353060212216]}"
1_2020_09_01_+18382+7925,1965.0,1,2020-03-01,6193.0,29.0,-1027.508,14394.0,"{""type"":""Point"",""coordinates"":[-117.9198186463341,34.36217322391535]}"
1_2020_09_01_+18383+7914,1276.0,1,2020-03-01,2757.0,6.0,-412.65999999999997,14825.0,"{""type"":""Point"",""coordinates"":[-117.99904540770297,34.446081532004506]}"
1_2020_09_01_+18383+7920,1514.0,1,2020-03-01,3282.0,46.0,-482.27600000000007,14773.0,"{""type"":""Point"",""coordinates"":[-117.96196223407424,34.395965876473]}"
1_2020_09_01_+18383+7925,1939.0,1,2020-03-01,5203.0,30.0,-831.8080000000001,14394.0,"{""type"":""Point"",""coordinates"":[-117.91437142945931,34.36217322391535]}"
1_2020_09_01_+18383+7927,1860.0,1,2020-03-01,4176.0,38.0,-631.7,14420.0,"{""type"":""Point"",""coordinates"":[-117.92326196949611,34.38335348459289]}"
1_2020_09_01_+18383+7929,2026.0,1,2020-03-01,3655.0,40.0,-511.756,14238.0,"{""type"":""Point"",""coordinates"":[-117.89223426109896,34.34643511355082]}"
1_2020_09_01_+18383+7933,1545.0,1,2020-03-01,8019.0,37.0,-1431.1800000000003,14535.0,"{""type"":""Point"",""coordinates"":[-117.86379746225467,34.32620040022497]}"
1_2020_09_01_+18383+7935,1833.0,1,2020-03-01,4908.0,21.0,-784.8199999999999,14555.0,"{""type"":""Point"",""coordinates"":[-117.85116800540958,34.31720719430237]}"
1_2020_09_01_+18384+7905,1113.0,1,2020-03-01,2807.0,19.0,-434.3479999999999,14914.0,"{""type"":""Point"",""coordinates"":[-118.03619828607967,34.454353584621984]}"
1_2020_09_01_+18384+7934,1972.0,1,2020-03-01,3879.0,16.0,-566.716,14543.0,"{""type"":""Point"",""coordinates"":[-117.85443245211016,34.324701532571204]}"
1_2020_09_01_+18385+7905,1180.0,1,2020-03-01,3023.0,17.0,-471.448,14914.0,"{""type"":""Point"",""coordinates"":[-118.03029402626908,34.45210528314136]}"
1_2020_09_01_+18385+7915,1282.0,1,2020-03-01,2898.0,25.0,-436.24,14615.0,"{""type"":""Point"",""coordinates"":[-117.96559230464295,34.41013698883588]}"
1_2020_09_01_+18385+7927,2007.0,1,2020-03-01,6334.0,29.0,-1052.8280000000002,14229.0,"{""type"":""Point"",""coordinates"":[-117.89354956322306,34.35318001799276]}"
1_2020_09_01_+18385+7930,1356.0,1,2020-03-01,6512.0,16.0,-1155.4520000000002,14476.0,"{""type"":""Point"",""coordinates"":[-117.87186065758566,34.33969020910887]}"
1_2020_09_01_+18385+7934,1743.0,1,2020-03-01,6687.0,17.0,-1151.468,14474.0,"{""type"":""Point"",""coordinates"":[-117.84659285495815,34.321703797263666]}"
1_2020_09_01_+18386+7902,1317.0,1,2020-03-01,2726.0,27.0,-394.91599999999994,14968.0,"{""type"":""Point"",""coordinates"":[-118.04391125367606,34.46559509202523]}"
1_2020_09_01_+18386+7904,1129.0,1,2020-03-01,2726.0,22.0,-415.82400000000007,14892.0,"{""type"":""Point"",""coordinates"":[-118.03119630649994,34.45660188610264]}"
1_2020_09_01_+18386+7933,2016.0,1,2020-03-01,5917.0,35.0,-965.1840000000001,14422.0,"{""type"":""Point"",""coordinates"":[-117.84746282063269,34.32620040022497]}"
1_2020_09_01_+18387+7901,1281.0,1,2020-03-01,2742.0,10.0,-408.7679999999999,14724.0,"{""type"":""Point"",""coordinates"":[-118.04481659449513,34.47009169498655]}"
1_2020_09_01_+18388+7903,1160.0,1,2020-03-01,3000.0,7.0,-471.20799999999997,14994.0,"{""type"":""Point"",""coordinates"":[-118.03357204352642,34.46503301665507]}"
1_2020_09_01_+18388+7929,1508.0,1,2020-03-01,7039.0,15.0,-1246.0000000000002,14470.0,"{""type"":""Point"",""coordinates"":[-117.86500329001016,34.34643511355082]}"
1_2020_09_01_+18389+7925,1522.0,1,2020-03-01,4847.0,21.0,-804.592,14446.0,"{""type"":""Point"",""coordinates"":[-117.89213814273663,34.409435905578476]}"
1_2020_09_01_+18389+7926,2023.0,1,2020-03-01,4171.0,37.0,-615.54,14315.0,"{""type"":""Point"",""coordinates"":[-117.87536322049992,34.357676620954074]}"
1_2020_09_01_+18390+7912,1278.0,1,2020-03-01,3102.0,22.0,-477.4840000000001,14722.0,"{""type"":""Point"",""coordinates"":[-117.97765009373192,34.4260249859658]}"
1_2020_09_01_+18391+7910,1451.0,1,2020-03-01,3250.0,40.0,-483.96799999999996,14774.0,"{""type"":""Point"",""coordinates"":[-117.96855309280603,34.429622268334846]}"
1_2020_09_01_+18391+7928,1923.0,1,2020-03-01,4810.0,30.0,-754.6800000000001,14410.0,"{""type"":""Point"",""coordinates"":[-117.85383461488989,34.35527843270803]}"
1_2020_09_01_+18392+7911,1848.0,1,2020-03-01,3274.0,27.0,-453.5280000000001,14704.0,"{""type"":""Point"",""coordinates"":[-117.95403054585135,34.42512566537355]}"
1_2020_09_01_+18392+7925,2037.0,1,2020-03-01,4350.0,31.0,-651.6199999999999,14330.0,"{""type"":""Point"",""coordinates"":[-117.86534647758646,34.362173223915356]}"
1_2020_09_01_+18393+7916,1946.0,1,2020-03-01,3670.0,28.0,-525.62,14330.0,"{""type"":""Point"",""coordinates"":[-117.9168761550631,34.40264265056707]}"
1_2020_09_01_+18393+7925,2208.0,1,2020-03-01,5688.0,32.0,-901.8200000000002,14330.0,"{""type"":""Point"",""coordinates"":[-117.85989926071167,34.362173223915356]}"
1_2020_09_01_+18394+7902,1428.0,1,2020-03-01,2646.0,7.0,-374.992,14821.0,"{""type"":""Point"",""coordinates"":[-118.00027959763905,34.46559509202523]}"
1_2020_09_01_+18394+7903,1440.0,1,2020-03-01,2946.0,18.0,-430.4920000000001,14821.0,"{""type"":""Point"",""coordinates"":[-117.99392376825561,34.461098489063936]}"
1_2020_09_01_+18394+7912,1896.0,1,2020-03-01,4259.0,25.0,-647.144,14602.0,"{""type"":""Point"",""coordinates"":[-117.93678477639128,34.42062906241225]}"
1_2020_09_01_+18394+7924,2150.0,1,2020-03-01,5767.0,29.0,-924.2080000000001,14344.0,"{""type"":""Point"",""coordinates"":[-117.87085190949816,34.36866831708168]}"
1_2020_09_01_+18395+7928,2118.0,1,2020-03-01,6452.0,33.0,-1063.3760000000002,14323.0,"{""type"":""Point"",""coordinates"":[-117.83560811913364,34.35440636425494]}"
1_2020_09_01_+18396+7901,1397.0,1,2020-03-01,2835.0,12.0,-414.712,14781.0,"{""type"":""Point"",""coordinates"":[-117.9957283369761,34.47009169498655]}"
1_2020_09_01_+18396+7907,1240.0,1,2020-03-01,3144.0,4.0,-494.4520000000001,14801.0,"{""type"":""Point"",""coordinates"":[-117.94378361024228,34.456489471028604]}"
1_2020_09_01_+18396+7924,1956.0,1,2020-03-01,5725.0,22.0,-937.4039999999999,14332.0,"{""type"":""Point"",""coordinates"":[-117.84988187639097,34.36666982687666]}"
1_2020_09_01_+18396+7928,2160.0,1,2020-03-01,5465.0,28.0,-864.068,14224.0,"{""type"":""Point"",""coordinates"":[-117.82459323680865,34.348683415031466]}"
1_2020_09_01_+18397+7927,1900.0,1,2020-03-01,5810.0,27.0,-959.2560000000001,14238.0,"{""type"":""Point"",""coordinates"":[-117.82481682077639,34.35917548860783]}"
1_2020_09_01_+18398+7900,1266.0,1,2020-03-01,2736.0,9.0,-409.456,14713.0,"{""type"":""Point"",""coordinates"":[-117.99117731265986,34.47458829794783]}"
1_2020_09_01_+18398+7924,1775.0,1,2020-03-01,7766.0,32.0,-1361.4560000000001,14238.0,"{""type"":""Point"",""coordinates"":[-117.83898685797386,34.36666982687666]}"
1_2020_09_01_+18399+7924,1683.0,1,2020-03-01,7258.0,23.0,-1271.4040000000002,14282.0,"{""type"":""Point"",""coordinates"":[-117.83880991278362,34.37041699601107]}"
1_2020_09_01_+18400+7920,1921.0,1,2020-03-01,6095.0,28.0,-1013.536,14278.0,"{""type"":""Point"",""coordinates"":[-117.85339827566101,34.38465623872185]}"
1_2020_09_01_+18401+7903,1225.0,1,2020-03-01,2670.0,5.0,-400.812,14806.0,"{""type"":""Point"",""coordinates"":[-117.95574812558222,34.461098489063936]}"
1_2020_09_01_+18401+7916,1334.0,1,2020-03-01,2926.0,4.0,-441.7080000000001,14769.0,"{""type"":""Point"",""coordinates"":[-117.89364305118532,34.42706864196176]}"
1_2020_09_01_+18401+7922,1699.0,1,2020-03-01,5834.0,32.0,-981.416,14393.0,"{""type"":""Point"",""coordinates"":[-117.8352941532837,34.375663032799245]}"
1_2020_09_01_+18401+7924,1836.0,1,2020-03-01,4561.0,15.0,-718.216,14393.0,"{""type"":""Point"",""coordinates"":[-117.82475224397909,34.36816869453042]}"
1_2020_09_01_+18402+7899,1164.0,1,2020-03-01,2746.0,4.0,-422.74800000000005,14764.0,"{""type"":""Point"",""coordinates"":[-117.98389910525884,34.47908490090913]}"
1_2020_09_01_+18402+7906,1289.0,1,2020-03-01,3130.0,7.0,-486.116,14768.0,"{""type"":""Point"",""coordinates"":[-117.93124248812005,34.447608680180046]}"
1_2020_09_01_+18402+7908,1322.0,1,2020-03-01,2827.0,6.0,-422.51599999999996,14768.0,"{""type"":""Point"",""coordinates"":[-117.9189950888131,34.440863775738094]}"
1_2020_09_01_+18402+7921,1672.0,1,2020-03-01,5323.0,26.0,-883.548,14414.0,"{""type"":""Point"",""coordinates"":[-117.83617278559312,34.380159635760556]}"
1_2020_09_01_+18402+7922,1746.0,1,2020-03-01,6489.0,34.0,-1108.0520000000001,14276.0,"{""type"":""Point"",""coordinates"":[-117.82984605921287,34.37566303279927]}"
1_2020_09_01_+18403+7902,1188.0,1,2020-03-01,2784.0,11.0,-425.488,14809.0,"{""type"":""Point"",""coordinates"":[-117.9511939845974,34.46559509202523]}"
1_2020_09_01_+18403+7921,1589.0,1,2020-03-01,6732.0,45.0,-1167.9479999999999,14414.0,"{""type"":""Point"",""coordinates"":[-117.83072439899362,34.380159635760556]}"
1_2020_09_01_+18404+7905,1241.0,1,2020-03-01,2803.0,7.0,-425.188,14809.0,"{""type"":""Point"",""coordinates"":[-117.92668558410115,34.45210528314134]}"
1_2020_09_01_+18404+7919,1938.0,1,2020-03-01,5457.0,31.0,-882.7120000000002,14356.0,"{""type"":""Point"",""coordinates"":[-117.83793251085936,34.389152841683156]}"
1_2020_09_01_+18404+7920,1880.0,1,2020-03-01,4357.0,47.0,-664.2640000000001,14287.0,"{""type"":""Point"",""coordinates"":[-117.84203295985618,34.386904540202515]}"
1_2020_09_01_+18404+7921,1845.0,1,2020-03-01,4940.0,38.0,-786.3199999999999,14380.0,"{""type"":""Point"",""coordinates"":[-117.82527601239418,34.380159635760556]}"
1_2020_09_01_+18404+7924,2059.0,1,2020-03-01,5573.0,43.0,-890.8520000000002,14276.0,"{""type"":""Point"",""coordinates"":[-117.81505695471508,34.369667562184205]}"
1_2020_09_01_+18405+7901,1155.0,1,2020-03-01,2716.0,8.0,-415.88,14835.0,"{""type"":""Point"",""coordinates"":[-117.94664007945707,34.47009169498655]}"
1_2020_09_01_+18405+7922,2072.0,1,2020-03-01,4687.0,32.0,-714.82,14380.0,"{""type"":""Point"",""coordinates"":[-117.81742630101864,34.377161900453025]}"
1_2020_09_01_+18405+7924,2407.0,1,2020-03-01,3652.0,9.0,-483.53200000000004,14091.0,"{""type"":""Point"",""coordinates"":[-117.80085429351422,34.36666982687666]}"
1_2020_09_01_+18406+7905,1247.0,1,2020-03-01,2465.0,14.0,-354.792,14821.0,"{""type"":""Point"",""coordinates"":[-117.9162273863939,34.454353584621984]}"
1_2020_09_01_+18406+7916,1482.0,1,2020-03-01,3062.0,31.0,-448.7839999999999,14422.0,"{""type"":""Point"",""coordinates"":[-117.84602810223663,34.40264265056706]}"
1_2020_09_01_+18406+7918,1480.0,1,2020-03-01,5578.0,21.0,-955.8400000000001,14340.0,"{""type"":""Point"",""coordinates"":[-117.84354189817631,34.39614755740074]}"
1_2020_09_01_+18406+7922,2432.0,1,2020-03-01,4008.0,40.0,-542.324,14167.0,"{""type"":""Point"",""coordinates"":[-117.8080536829294,34.375663032799245]}"
1_2020_09_01_+18406+7923,2486.0,1,2020-03-01,3525.0,32.0,-442.72399999999993,14167.0,"{""type"":""Point"",""coordinates"":[-117.80445343220451,34.371166429837956]}"
1_2020_09_01_+18407+7915,1343.0,1,2020-03-01,2414.0,16.0,-335.728,14654.0,"{""type"":""Point"",""coordinates"":[-117.8469119501829,34.40713925352835]}"
1_2020_09_01_+18407+7918,1459.0,1,2020-03-01,4205.0,8.0,-683.672,14786.0,"{""type"":""Point"",""coordinates"":[-117.80508415222307,34.423244433522385]}"
1_2020_09_01_+18407+7922,2201.0,1,2020-03-01,3536.0,17.0,-477.22,14255.0,"{""type"":""Point"",""coordinates"":[-117.81437923919526,34.380159635760556]}"
1_2020_09_01_+18414+7911,1324.0,1,2020-03-01,3178.0,28.0,-486.10800000000006,14744.0,"{""type"":""Point"",""coordinates"":[-117.834101605697,34.42512566537354]}"
1_2020_09_01_+18415+7908,1162.0,1,2020-03-01,3429.0,7.0,-558.088,14834.0,"{""type"":""Point"",""coordinates"":[-117.85356698360134,34.440863775738094]}"
1_2020_09_01_+18416+7910,1279.0,1,2020-03-01,3086.0,22.0,-473.68000000000006,14785.0,"{""type"":""Point"",""coordinates"":[-117.82953707081103,34.429622268334846]}"
1_2020_09_01_+18418+7909,1267.0,1,2020-03-01,2920.0,21.0,-441.83599999999996,14803.0,"{""type"":""Point"",""coordinates"":[-117.8249727705618,34.43411887129614]}"
1_2020_09_01_+18421+7907,1244.0,1,2020-03-01,2289.0,9.0,-321.048,14864.0,"{""type"":""Point"",""coordinates"":[-117.82129736246063,34.44311207721874]}"
1_2020_09_01_+18421+7913,1589.0,1,2020-03-01,3872.0,2.0,-607.5280000000001,14579.0,"{""type"":""Point"",""coordinates"":[-117.78327335886625,34.41613245945094]}"
1_2020_09_01_+18422+7907,1264.0,1,2020-03-01,2663.0,1.0,-396.12800000000004,14879.0,"{""type"":""Point"",""coordinates"":[-117.8158448736317,34.44311207721874]}"
1_2020_09_01_+18425+7907,1269.0,1,2020-03-01,2264.0,3.0,-315.092,14896.0,"{""type"":""Point"",""coordinates"":[-117.80287991335943,34.446484529439715]}"
1_2020_09_01_+18427+7907,1336.0,1,2020-03-01,2509.0,3.0,-357.696,14858.0,"{""type"":""Point"",""coordinates"":[-117.78858242948714,34.44311207721874]}"
1_2020_09_01_+18428+7907,1346.0,1,2020-03-01,2332.0,3.0,-321.46400000000006,14837.0,"{""type"":""Point"",""coordinates"":[-117.78312994065824,34.44311207721874]}"
1_2020_10_01_+18323+7951,1267.0,1,2020-03-01,7388.0,30.0,-1335.2720000000002,14486.0,"{""type"":""Point"",""coordinates"":[-118.07671241242711,34.245261546921576]}"
1_2020_10_01_+18325+7950,1115.0,1,2020-03-01,6847.0,13.0,-1246.2440000000001,14627.0,"{""type"":""Point"",""coordinates"":[-118.07529638705785,34.25200645136354]}"
1_2020_10_01_+18328+7947,1198.0,1,2020-03-01,6671.0,14.0,-1201.2440000000001,14777.0,"{""type"":""Point"",""coordinates"":[-118.07475307750907,34.26324795876678]}"
1_2020_10_01_+18328+7948,1235.0,1,2020-03-01,6267.0,32.0,-1111.672,14736.0,"{""type"":""Point"",""coordinates"":[-118.07116151555162,34.25875135580549]}"
1_2020_10_01_+18328+7949,1112.0,1,2020-03-01,6713.0,13.0,-1218.872,14736.0,"{""type"":""Point"",""coordinates"":[-118.06213084440914,34.25425475284419]}"
2_0,356.0,0,2020-01-01,3260.0,18.0,-605.076,14398.0,"{""type"":""Point"",""coordinates"":[-118.47969845598318,34.12395684346787]}"
2_1,225.0,0,2020-02-14,3491.0,2.0,,,"{""type"":""Point"",""coordinates"":[-118.34213648573179,34.208408285306724]}"
2_2,817.0,0,2020-03-30,3004.0,4.0,,,"{""type"":""Point"",""coordinates"":[-117.91291138343722,34.600364867744716]}"
2_3,987.0,0,2020-05-12,2156.0,4.0,-316.19200000000006,15546.0,"{""type"":""Point"",""coordinates"":[-117.99742057280498,34.49965148278376]}"
2_4,43.0,0,2020-06-22,1339.0,3.0,,,"{""type"":""Point"",""coordinates"":[-118.31819763446086,33.78869619546892]}"
2_5,909.0,0,2020-07-30,1635.0,4.0,-213.17600000000002,16373.0,"{""type"":""Point"",""coordinates"":[-117.79433112106209,34.66994245320861]}"
2_6,628.0,0,2020-09-03,3352.0,17.0,-586.8720000000001,15611.0,"{""type"":""Point"",""coordinates"":[-118.33719235677503,34.3045405370316]}"
2_7,534.0,0,2020-10-04,2712.0,16.0,-466.20399999999995,15907.0,"{""type"":""Point"",""coordinates"":[-118.66795495898985,34.60643204912771]}"
2_8,1241.0,0,2020-10-31,6305.0,30.0,,,"{""type"":""Point"",""coordinates"":[-118.42695220490403,34.637171496438256]}"
2_9,407.0,0,2020-11-23,3457.0,18.0,-635.472,14886.0,"{""type"":""Point"",""coordinates"":[-118.34198854144658,34.22088980079347]}"
2_10,2090.0,0,2020-12-10,3589.0,21.0,-498.10400000000004,14207.0,"{""type"":""Point"",""coordinates"":[-117.96242526505658,34.34113371646236]}"
2_11,402.0,0,2020-12-22,6160.0,2.0,,,"{""type"":""Point"",""coordinates"":[-118.30759646457693,34.20451586877086]}"
2_12,487.0,0,2020-12-29,6652.0,29.0,,,"{""type"":""Point"",""coordinates"":[-118.63162813643112,34.090483645185266]}"
2_13,0.0,0,2020-12-30,,0.0,,,"{""type"":""Point"",""coordinates"":[-118.46660573934062,33.789261846282045]}"
2_14,135.0,0,2020-12-26,5216.0,12.0,-1016.952,14801.0,"{""type"":""Point"",""coordinates"":[-118.54592012217488,33.46538017339576]}"
2_15,522.0,0,2020-12-16,5964.0,18.0,-1129.0439999999999,14427.0,"{""type"":""Point"",""coordinates"":[-118.60217282521317,34.06564703455346]}"
2_16,833.0,0,2020-12-01,2276.0,1.0,-365.34000000000003,14440.0,"{""type"":""Point"",""coordinates"":[-118.1515161281715,34.58709751214708]}"
2_17,885.0,0,2020-11-11,3748.0,34.0,-639.6800000000001,15060.0,"{""type"":""Point"",""coordinates"":[-118.79136865034705,34.66561804325899]}"
2_18,134.0,0,2020-10-17,2181.0,2.0,-405.86000000000007,15700.0,"{""type"":""Point"",""coordinates"":[-118.12221321475334,34.074323564965106]}"
2_19,788.0,0,2020-09-17,1933.0,3.0,,,"{""type"":""Point"",""coordinates"":[-117.94531485791853,34.63435866547777]}"
2_20,730.0,0,2020-08-15,3308.0,4.0,-566.0360000000001,16328.0,"{""type"":""Point"",""coordinates"":[-118.03019337023352,34.717683357861674]}"
2_21,59.0,0,2020-07-09,2076.0,1.0,-389.4920000000001,16096.0,"{""type"":""Point"",""coordinates"":[-118.07693547704045,34.005743137033534]}"
2_22,0.0,0,2020-05-30,,0.0,,,"{""type"":""Point"",""coordinates"":[-118.24581199000059,33.688720238170106]}"
2_23,1009.0,0,2020-04-18,4783.0,20.0,-839.32,14955.0,"{""type"":""Point"",""coordinates"":[-118.37047687898539,34.67413116088668]}"
2_24,630.0,0,2020-03-05,6291.0,31.0,-1175.344,14977.0,"{""type"":""Point"",""coordinates"":[-118.58473903078644,34.31188121013107]}"
2_25,654.0,0,2020-01-21,6338.0,27.0,,,"{""type"":""Point"",""coordinates"":[-118.20988488422151,34.27616204310052]}"
2_26,548.0,0,2020-01-25,5257.0,21.0,,,"{""type"":""Point"",""coordinates"":[-118.60369480078647,34.54629964292978]}"
2_27,479.0,0,2020-03-10,5791.0,1.0,-1100.7079999999999,14819.0,"{""type"":""Point"",""coordinates"":[-118.47531036860745,32.89055735338324]}"
2_28,1077.0,0,2020-04-23,5687.0,23.0,,,"{""type"":""Point"",""coordinates"":[-118.42348226947358,34.6283781414038]}"
2_29,1441.0,0,2020-06-03,3785.0,26.0,,,"{""type"":""Point"",""coordinates"":[-118.2178400863683,34.54307121985683]}"
2_30,388.0,0,2020-07-13,4650.0,16.0,-871.796,15483.0,"{""type"":""Point"",""coordinates"":[-118.6280918912925,34.13126313759413]}"
2_31,192.0,0,2020-08-19,2245.0,3.0,-411.144,15877.0,"{""type"":""Point"",""coordinates"":[-118.25412426952846,34.16562587101874]}"
2_32,866.0,0,2020-09-21,2639.0,9.0,-421.168,15824.0,"{""type"":""Point"",""coordinates"":[-117.9040714993089,34.27721869510536]}"
2_33,711.0,0,2020-10-20,3369.0,4.0,-583.568,15899.0,"{""type"":""Point"",""coordinates"":[-118.25439429434297,34.442448544711496]}"
2_34,63.0,0,2020-11-13,1987.0,2.0,,,"{""type"":""Point"",""coordinates"":[-118.3938170156112,34.057343237339275]}"
2_35,1359.0,0,2020-12-03,5440.0,39.0,-933.324,14542.0,"{""type"":""Point"",""coordinates"":[-117.80284810177828,34.279020115515145]}"
2_36,5.0,0,2020-12-17,472.0,1.0,,,"{""type"":""Point"",""coordinates"":[-118.2196288506689,33.77748099942344]}"
2_37,48.0,0,2020-12-27,1387.0,1.0,,,"{""type"":""Point"",""coordinates"":[-118.16358427636324,33.984961008663134]}"
2_38,1234.0,0,2020-12-30,4398.0,21.0,-744.248,14364.0,"{""type"":""Point"",""coordinates"":[-118.31822092047406,34.60007405959207]}"
2_39,860.0,0,2020-12-29,2107.0,2.0,,,"{""type"":""Point"",""coordinates"":[-118.45797905415262,34.75720570602329]}"
2_40,998.0,0,2020-12-21,3104.0,23.0,-508.38400000000007,14372.0,"{""type"":""Point"",""coordinates"":[-118.45193989363416,34.6713004940788]}"
2_41,697.0,0,2020-12-08,562.0,3.0,-34.908,14519.0,"{""type"":""Point"",""coordinates"":[-118.04991231729666,34.81766941270639]}"
2_42,0.0,0,2020-11-21,,0.0,,,"{""type"":""Point"",""coordinates"":[-118.55712938550703,32.88565237122375]}"
2_43,22.0,0,2020-10-29,1658.0,1.0,,,"{""type"":""Point"",""coordinates"":[-118.33734299356487,33.90509946776563]}"
2_44,286.0,0,2020-10-01,5008.0,5.0,-958.304,15307.0,"{""type"":""Point"",""coordinates"":[-118.59378182148228,34.16498808364053]}"
2_45,0.0,0,2020-08-30,,0.0,,,"{""type"":""Point"",""coordinates"":[-118.90324051401376,34.0185213497087]}"
2_46,495.0,0,2020-07-26,2838.0,16.0,-497.08000000000004,15685.0,"{""type"":""Point"",""coordinates"":[-118.58532624056011,34.50999792528035]}"
2_47,219.0,0,2020-06-17,3945.0,10.0,,,"{""type"":""Point"",""coordinates"":[-118.36331984247396,34.134775748377855]}"
2_48,789.0,0,2020-05-07,3188.0,1.0,-541.716,15743.0,"{""type"":""Point"",""coordinates"":[-117.95258813707173,34.618553116680886]}"
2_49,288.0,0,2020-03-25,2849.0,2.0,,,"{""type"":""Point"",""coordinates"":[-118.4705036169706,34.26754586013543]}"
2_50,30.0,0,2020-02-10,2094.0,9.0,-405.656,14588.0,"{""type"":""Point"",""coordinates"":[-118.39055583678824,33.98524248112039]}"
2_51,47.0,0,2020-01-05,2265.0,4.0,-439.232,14641.0,"{""type"":""Point"",""coordinates"":[-118.34463110402933,34.01059188746445]}"
2_52,1259.0,0,2020-02-19,3628.0,30.0,-584.2800000000001,14460.0,"{""type"":""Point"",""coordinates"":[-118.27963104902953,34.4031379858338]}"
2_53,723.0,0,2020-04-03,3169.0,6.0,-552.9440000000001,14502.0,"{""type"":""Point"",""coordinates"":[-118.25272634652549,34.699889295568056]}"
2_54,951.0,0,2020-05-16,6583.0,17.0,-1206.1480000000001,14939.0,"{""type"":""Point"",""coordinates"":[-118.70349913412863,34.68659827752162]}"
2_55,1114.0,0,2020-06-26,3680.0,21.0,-604.192,15421.0,"{""type"":""Point"",""coordinates"":[-118.16738468307925,34.32048408262574]}"
2_56,830.0,0,2020-08-03,2206.0,4.0,-333.91600000000005,16543.0,"{""type"":""Point"",""coordinates"":[-118.45143523507618,34.78778697129454]}"
2_57,23.0,0,2020-09-06,4078.0,12.0,,,"{""type"":""Point"",""coordinates"":[-118.77577544597366,34.02419995348479]}"
2_58,1063.0,0,2020-10-07,2550.0,11.0,-384.508,15644.0,"{""type"":""Point"",""coordinates"":[-117.99041359515796,34.198931686692596]}"
2_59,136.0,0,2020-11-03,3710.0,2.0,-713.6039999999999,15432.0,"{""type"":""Point"",""coordinates"":[-118.04929867899912,34.119482664679914]}"
2_60,1621.0,0,2020-11-25,3894.0,27.0,,,"{""type"":""Point"",""coordinates"":[-118.00388759221909,34.29566525431227]}"
2_61,709.0,0,2020-12-12,1353.0,3.0,,,"{""type"":""Point"",""coordinates"":[-117.90171011336793,34.794745146731834]}"
2_62,456.0,0,2020-12-23,3904.0,28.0,-718.14,14740.0,"{""type"":""Point"",""coordinates"":[-117.99643959792868,34.17392227640711]}"
2_63,662.0,0,2020-12-29,4353.0,6.0,,,"{""type"":""Point"",""coordinates"":[-118.56024393287295,34.6172453037958]}"
2_64,959.0,0,2020-12-30,1510.0,9.0,-198.708,14244.0,"{""type"":""Point"",""coordinates"":[-117.7085114972781,34.53641984521511]}"
2_65,308.0,0,2020-12-25,4259.0,4.0,-810.2680000000001,14849.0,"{""type"":""Point"",""coordinates"":[-118.63196888479351,34.146117725025604]}"
2_66,975.0,0,2020-12-15,2230.0,28.0,-336.20799999999997,14144.0,"{""type"":""Point"",""coordinates"":[-117.87968416717383,34.307074730210736]}"
2_67,0.0,0,2020-11-29,,0.0,,,"{""type"":""Point"",""coordinates"":[-118.91197375796452,34.00539166303975]}"
2_68,27.0,0,2020-11-08,1299.0,4.0,-244.06400000000002,15137.0,"{""type"":""Point"",""coordinates"":[-118.33949848812718,33.851252732622065]}"
2_69,761.0,0,2020-10-14,2598.0,1.0,-427.70799999999997,15594.0,"{""type"":""Point"",""coordinates"":[-118.18183061674429,34.652501404238265]}"
2_70,678.0,0,2020-09-14,2816.0,19.0,-475.632,15416.0,"{""type"":""Point"",""coordinates"":[-118.75206668048206,34.553948183764156]}"
2_71,793.0,0,2020-08-11,2108.0,1.0,-324.276,15873.0,"{""type"":""Point"",""coordinates"":[-118.11346752356116,34.59835901713889]}"
2_72,48.0,0,2020-07-05,1383.0,1.0,-254.24,15815.0,"{""type"":""Point"",""coordinates"":[-118.06418394279741,33.969947895073894]}"
2_73,0.0,0,2020-05-26,,0.0,,,"{""type"":""Point"",""coordinates"":[-118.17525696453104,33.75149190168511]}"
2_74,51.0,0,2020-04-14,2857.0,5.0,,,"{""type"":""Point"",""coordinates"":[-118.30155980845433,33.96943522507792]}"
2_75,371.0,0,2020-03-01,6207.0,17.0,-1188.092,15046.0,"{""type"":""Point"",""coordinates"":[-118.4711097788562,34.1144602105985]}"
2_76,816.0,0,2020-01-16,4402.0,18.0,-787.524,14392.0,"{""type"":""Point"",""coordinates"":[-118.32353184791253,34.45511517306]}"
2_77,12.0,0,2020-01-30,1878.0,6.0,-364.16400000000004,14712.0,"{""type"":""Point"",""coordinates"":[-118.12900485973452,33.79646844415929]}"
2_78,45.0,0,2020-03-15,644.0,1.0,,,"{""type"":""Point"",""coordinates"":[-118.15698132229046,33.982734879716]}"
2_79,1844.0,0,2020-04-27,4530.0,32.0,-702.9,14795.0,"{""type"":""Point"",""coordinates"":[-117.87579951773547,34.400528787269096]}"
2_80,908.0,0,2020-06-08,6326.0,17.0,-1154.472,15511.0,"{""type"":""Point"",""coordinates"":[-118.6166075093877,34.33809591417365]}"
2_81,898.0,0,2020-07-17,2311.0,4.0,-350.796,16208.0,"{""type"":""Point"",""coordinates"":[-118.50390580678494,34.755134389549085]}"
2_82,0.0,0,2020-08-22,,0.0,,,"{""type"":""Point"",""coordinates"":[-118.51429751672605,33.40062696524613]}"
2_83,258.0,0,2020-09-24,3591.0,6.0,-679.3240000000001,15067.0,"{""type"":""Point"",""coordinates"":[-118.49900505171777,32.88487740680931]}"
2_84,1116.0,0,2020-10-22,4166.0,16.0,-700.94,15640.0,"{""type"":""Point"",""coordinates"":[-118.74506365322974,34.724586337274665]}"
2_85,0.0,0,2020-11-15,,0.0,,,"{""type"":""Point"",""coordinates"":[-118.48595128810243,33.98507740234299]}"
2_86,935.0,0,2020-12-05,3109.0,7.0,-516.9240000000001,14817.0,"{""type"":""Point"",""coordinates"":[-118.80868835016012,34.71762443289199]}"
2_87,1001.0,0,2020-12-19,6420.0,35.0,-1169.7640000000001,14112.0,"{""type"":""Point"",""coordinates"":[-117.67857938717525,34.19724160040384]}"
2_88,0.0,0,2020-12-27,,0.0,,,"{""type"":""Point"",""coordinates"":[-118.66823460241211,33.0230599674202]}"
2_89,438.0,0,2020-12-30,3602.0,8.0,-664.5160000000001,14868.0,"{""type"":""Point"",""coordinates"":[-118.6222628821767,34.275871791454975]}"
2_90,1985.0,0,2020-12-28,3265.0,33.0,,,"{""type"":""Point"",""coordinates"":[-117.85129244214083,34.364306407408826]}"
2_91,29.0,0,2020-12-20,2143.0,1.0,-415.98800000000006,14834.0,"{""type"":""Point"",""coordinates"":[-118.23720378390789,33.91696224807525]}"
2_92,0.0,0,2020-12-07,,0.0,,,"{""type"":""Point"",""coordinates"":[-118.37059262936995,33.464817455074964]}"
2_93,1144.0,0,2020-11-18,2511.0,10.0,-375.284,14847.0,"{""type"":""Point"",""coordinates"":[-118.13713316635906,34.52749373813616]}"
2_94,29.0,0,2020-10-26,3287.0,2.0,,,"{""type"":""Point"",""coordinates"":[-118.17285991178066,33.83383685059857]}"
2_95,8.0,0,2020-09-28,605.0,13.0,,,"{""type"":""Point"",""coordinates"":[-118.19852696203775,33.74953750775954]}"
2_96,290.0,0,2020-08-27,3834.0,11.0,-717.84,15740.0,"{""type"":""Point"",""coordinates"":[-118.00039010236364,33.97608788123807]}"
2_97,995.0,0,2020-07-22,7110.0,21.0,-1302.7,15345.0,"{""type"":""Point"",""coordinates"":[-118.1938084378594,34.265721405706216]}"
2_98,498.0,0,2020-06-13,3352.0,11.0,-605.0320000000002,15191.0,"{""type"":""Point"",""coordinates"":[-118.37894082795528,33.344488103680305]}"
2_99,889.0,0,2020-05-03,2370.0,2.0,-368.11199999999997,15706.0,"{""type"":""Point"",""coordinates"":[-117.67178570918834,34.79407751064548]}"
